{"2637545558":"Silver Ring","5069102444":"Stick","7808606344":"Green Adventurer Coat","6448694082":"Herbalist's Hat","7808436873":"Guard's Kabuto","7808435817":"Red Royal Guard","7032469171":"Spark Gland","5842121293":"Ranger's Boots","8700290376":"Smoke Ministry Cloak","4673673233":"Messer","8765495788":"Flamekeeper Cestus","8700292068":"Purple Royal Duelist","7808426095":"Black Adventurer Coat","6448695746":"Crescent Cleaver","10944864312":"Kyrscleave","8700297246":"Red Justicar Defender","7837367316":"Dawn Scarf","5405133671":"Gremorian Longspear","7819487839":"Aristocrat Glasses","11493419845":"Rifle Spear","5799297150":"Ten-gallon Hat","9337204134":"Bounder Claw","6429369728":"Seafood Boil","5855133355":"Vigil Hood","7036471589":"Reversal Spark","7836919224":"Forest Scarf","7013706647":"Silver Ring","5799298101":"Novice Brace","9969347036":"Ironsinger Heavy Plate","7837621224":"Black Shrouded Cape","5907307871":"Brilliant Cape","5842120234":"Hunter's Brace","7808436633":"Captain's Kabuto","5405135270":"Falchion","8270698605":"Iron Cestus","7013402708":"Isshin's Ring","6448728441":"Star Duster","5705963126":"Blacksteel Pauldrons","8700281529":"Sage Pathfinder Elite","11491707869":"Kyrstreza","8280107937":"The Path's Defender","6448742964":"Razor Cutlass","10431523243":"Gran Sudaruska","5405136068":"Vigil Longsword","8700640454":"Umber First Ranger Duster","5405134593":"Gilded Knife","5842122844":"Imperial Boots","7032715026":"Gale Stone","9960339048":"Phalanx Helm","5054802060":"Broken Gatling Gun","7837370563":"White Scarf","7808431912":"Shattered Katana","5842122594":"Autumn Boots","6132543079":"Bloodfeather Cowl","5842969006":"Worshipper's Shield","5842121371":"Redsteel Boots","11123380641":"Browncap","4653682385":"Mace","6419942986":"Calamari","7808435621":"Hivelord Mask","5405134478":"Whaling Knife","6448697951":"Azure Royal Guard","5894739497":"Apprentice Rapier","4665676177":"Plumfruit","6436226661":"Crystal Pendant Earrings","5405134330":"Adretian Axe","5799300555":"Black Fur Pauldrons","8700291659":"Green Royal Duelist","5799299766":"Imperial Pauldrons","7819487052":"Red Aristocrat Glasses","6249271537":"Flintlock","9960340205":"Mercenary's Garb","7808435989":"Blue Royal Guard","11508432095":"Enforcer's Axe","6012236150":"Kite Shield","6436226327":"Ruby Drop Earrings","6424915152":"Scallop","6448694267":"Herbalist's Hat","6424915468":"Urchin","5405138402":"Hero Blade Of Shadow","7650051743":"Sword","5799297636":"Feathertop Helm","5799300308":"Bluesteel Pauldrons","5799295812":"Black Deepwoken Cloak","13002269112":"Flareblood Kamas","8121417213":"Tanto","6489268160":"Rosen's Peacemaker","6448694802":"Vagabond's Bicorn","5714510638":"Blacksteel Helm","6448702481":"Grand Boots","6419750949":"Sea Bass","5799297250":"Black Blindfold","7666186674":"White Gumshoe Longcoat","7837370225":"Black Scarf","6669315144":"Authority Helm","8764565495":"Canor Fang","5799295080":"Investigator's Hat","8138184965":"Champion's Sword","8699695290":"First Light","9960336716":"Sandrunner Scarf","6429530863":"Demon Mask","5405134819":"Silver Dagger","6448698418":"Azure Royal Guards","7673608398":"Beige Aristocrat Coat","8700289279":"Red Ministry Cloak","7808427062":"Brown Adventurer Coat","8700287249":"Green Megalodaunt Coat","6022452972":"Khan Shield","5705963429":"Canticlysm Pendant","5049245745":"Wheat","5799302611":"Nomad Pendant","5628707607":"Strange Claw","7837621530":"Midnight Shrouded Cape","8700357191":"Magenta Elite Pathfinder","8700640450":"Azure First Ranger Duster","5817301154":"Vanguard Brace","5805397315":"Smith's Gloves","5850589846":"Legate Helm","9960339470":"Phalanx Heavy Boots","5051248589":"Calabash","9048865551":"Railblade","5705976072":"Moonlit Earrings","5542033067":"Leather Boots","8700290825":"Peach Ministry Cloak","7837620789":"Red Shrouded Cape","8700640449":"Lavender First Ranger Duster","8700292776":"Rose Royal Duelist","5405133451":"Ritual Spear","9752895127":"Inquisitor's Thorn","5405135891":"Officer Saber","6448694628":"Alchemist Hat","5842122067":"Black Fur Boots","5799303918":"Emerald Tusk Earrings","7808431156":"Pale Assassin's Cloak","7837360302":"Tundra Scarf","9960341323":"Celtorian Sabatons","11468956988":"Petra's Anchor","7666184050":"Grey Gumshoe Longcoat","6448696178":"Darksteel Greatsword","4673703249":"Iron Spear","9960338123":"Bulwark Helm","7666186063":"Black Gumshoe Longcoat","8699695169":"Night Axe","5799296946":"Brigand's Bicorn","5799303611":"Pendant Earrings","12868100519":"Crypt Blade","5705963723":"Old Blood Earrings","6334456831":"Hivelord Hubris","5706119518":"Gladiator Pauldrons","10374163255":"Hive Scourge Cuirass","7819486539":"Polarized Eyeglasses","8700640465":"Jade First Ranger Duster","5606047864":"Schematic","11122387292":"Dentifilo","6448698795":"Iron Pauldrons","5405138500":"Krulian Knife","9594272549":"Megurger","6132703115":"Bloodfeather Mask","10374055286":"Etrean Siege Sabatons","6448700096":"Enforcer Plate","7666184629":"Gumshoe Hat","6448692964":"Blindfold","5048774760":"Coral","10857130088":"Iron Birch","7771927612":"Worn Cog","6498239550":"Konga's Clutch Ring","4673700644":"Stiletto","5849612301":"Leather Pauldrons","8230193135":"Dark Feather","5842122480":"Bluesteel Boots","5405135657":"Officer Saber","5799301768":"Woodland Pauldrons","6448693907":"Glassdancer Wraps","5799298923":"White Parka","5405134045":"Forge Greathammer","6424914992":"Chum","5799301251":"Redsteel Pauldrons","5610004726":"Master Thief Earrings","6436226803":"Dew Drop Earrings","6424318342":"Fish Omelette","5849601024":"Halberd","12500495992":"Akira's Ring","10374148323":"Winter Corps Parka","8275365134":"Ethiron Curseshield","7038529675":"Aeon Logstone","10653583718":"Light's Final Toll","5799300026":"Autumn Pauldrons","9960335808":"Dark Owl Cloak","6274335402":"Black Hood","8699695073":"Acheron's Warspear","5707321653":"Confessor's Charm","9960341166":"Celtor Commander Plate","9960340839":"Celtor Helm","5799302078":"Flameguard Pauldrons","12900346985":"Curved Blade Of Winds","5714510949":"Gladiator Helmet","6436226542":"Amethyst Pendant Earrings","5877374213":"Black Cape","8700291376":"Red Royal Duelist","5907308073":"Brilliant Pauldrons","6448695545":"Knight's Helm","10649431674":"Iron Blunderbuss","5799299115":"Black Parka","8700296939":"Black Justicar Defender","7013783109":"Silver Ring","5106910210":"Megalodaunt Coral","8229693222":"Thresher Spine","8700281646":"Ash Pathfinder Elite","7032332910":"Frigid Prism","6022452674":"Khan Boots","6349514972":"Targe","5842122238":"White Fur Boots","8700281155":"Black Pathfinder Elite","10374052860":"Etrean Siege Cuirass","5799303085":"Red Eye Pendant","10374149549":"Winter Corps Boots","9960337717":"Grand Authority Plate","8280463944":"Old World Greatshield","5405134185":"Canorian Axe","5805397758":"Smith Bandana","5405135397":"Zweihander","7808435506":"Duelist's Mask","7666184486":"Ochre Gumshoe Longcoat","8700290043":"Yellow Ministry Cloak","8700289897":"Verdant Ministry Cloak","9995290481":"Frozen Membrane","5799301536":"Ranger's Brace","5405133921":"Steel Maul","7837363369":"Crimson Scarf","8699695168":"Relic Axe","7808436350":"Royal Guard's Kabuto","6424318416":"Mushroom Omelette","5043681225":"Mushroom Soup","10374079308":"Ministry Operative Cloak","11237117285":"Enforcer's Blade","5405136314":"Pale Morning","5058929875":"Ongo","5799297023":"Eyeglasses","5799297369":"Strapped Hat","5557731080":"Barrel Helm","5069092985":"Wood","6448699922":"Enforcer Boots","8700282599":"Crimson Pathfinder Elite","8700297896":"Purple Justicar Defender","5805397989":"Smith's Goggles","6424318273":"Fish Meat","10944864020":"Kyrstear","9960336308":"Dark Owl Chapeau","5842120380":"Vanguard Boots","8700289423":"Onyx Ministry Cloak","5799295189":"Polarized Eyeglasses","6022452767":"Khan Pauldrons","5799295349":"Dark Cowl","5058784034":"Spider Egg","6448697007":"Warden Ceremonial Sword","8700287002":"Red Megalodaunt Coat","6448696838":"Iron Mask","8700286805":"Blue Megalodaunt Coat","5714510810":"Guardian Helm","5705962526":"Guardian Pauldrons","8699695269":"Inquisitor's Straight Sword","5922042274":"Cloth","4673718281":"Battleaxe","7837617108":"White Shrouded Cape","7836920551":"Desert Scarf","4673679440":"Katana","8700291113":"Faded Royal Duelist","5045088863":"Bamboo Bundle","9960337519":"Grand Authority Sabatons","5799296265":"Brown Parka","8699695180":"True Seraph's Spear","5842121006":"Woodland Boots","10944863839":"Kyrsblade","5842123154":"Tracker's Boots","8699695052":"Evanspear Handaxe","11398158868":"Enforcer Hammer","4673686878":"Scimitar","6448694456":"Alchemist's Hat","8700287472":"Blue Megalodaunt Coat","5558108814":"Silver Ring","8274858821":"Legion Cestus","6448696405":"Shotel","5799302810":"Varicosa Medallion","5799302952":"Bloodcurse Pendant","5907308163":"Brilliant Boots","6424318562":"Sushi","8700297663":"Faded Justicar Defender","9960338845":"Legion Phalanx Plate","6448701754":"Grand Pauldrons","6436226440":"Practicioner's Earrings","6695910473":"Enforcer Eye","8700288111":"Peach Megalodaunt Coat","6448694964":"Crimson Blindfold","8699695126":"Sacred Hammer","8700292481":"Dark Royal Duelist","8700298677":"Orange Justicar Defender","8700287807":"Brown Megalodaunt Coat","5799295446":"Red Headband","5799297882":"Silver Pauldrons","5850573360":"Simple Pauldrons","8699695031":"Serrated Warspear","9960340613":"Mercenary's Boots","8699695191":"Great Maul","5799304203":"Seafarer Pendant","11491707780":"Kyrsedge","7837361566":"Desert Scarf","6419942901":"Egg","6448695134":"Investigator's Hat","5799300695":"White Fur Pauldrons","8700640458":"Cloud First Ranger Duster","8699695246":"Forgotten Gladius","7808435294":"Assassin's Hood","5842123537":"Silver Sabatons","8215631291":"Thresher Talon","5799297473":"Ten-gallon Bandana","5842123345":"Novice Boots","9960336983":"Sandrunner Wraps","6448728622":"Star Boots","6448698967":"Iron Boots","7023923881":"Dying Embers","5052282912":"Beeswax","6471674350":"Dragoon","6448695350":"Blackleaf Helm","5799296847":"Brigand Cloak","6448695945":"Serpent's Edge","5058929959":"Redd","4665615318":"Pomar","10944864619":"Kyrsglaive","7036671370":"Umbral Obsidian","5557731910":"Steel Pauldrons","5842120635":"Woodland Boots","9752893846":"Crucible Rapier","7808426565":"White Deepwoken Cloak","8700298453":"Pink Justicar Defender","6022467997":"Khan Helmet","6481418019":"Revolver","9960336188":"Dark Owl Cape","5799472140":"Black Parka","6406423250":"Providence Coat","11122306597":"Gobletto","9971524012":"Old World Sun Pendant","5405135049":"Worshipper Longsword","7808425864":"Royal Pathfinder","8764565306":"Nemit's Sickle","8699695303":"Markor's Inheritor","5405133802":"Trident Spear"}