{
    "1168263273": "Bad Business",
    "380704901": "Ro Ghoul",
    "111958650": "Arsenal",
    "301252049": "RoBeats",
    "245662005": "Jailbreak",
    "1087859240": "Rogue Lineage",
    "807930589": "Wild West",
    "88070565": "Bloxburg",
    "648454481": "Grand Piece Online",
    "254394801": "KAT",
    "212154879": "Sword Burst 2",
    "170247232": "Parkour",
    "358276974": "Apocalypse Rising 2",
    "1643537246": "RoBeats CS",
    "383310974": "Adopt Me",
    "113491250": "Phantom Forces",
    "299659045": "Phantom Forces",
    "913400159": "Ace Of Spadez",
    "1359573625": "DeepWoken",
    "2142948266": "Shitty Slayer",
    "1946714362": "Bloodlines",
    "1663370770": "Mighty Omega",
    "1625049715": "AdventureTales",
    "1390601379": "Combat Warriors",
    "1180269832": "Arcane Odyssey",
    "3291589472": "Voxl Blade",
    "3525075510": "Project Mugetsu"
}